,store,address,phone
0,가음정점,경남 창원시 성산구 원이대로 863번길 19 1층 102-1호,055-266-7918
1,가평점,경기도 가평군 가평읍 가화로 108,031-581-3044
2,간석점,"인천광역시 남동구 석산로 159, 1층 104호(간석동,보인프라자)",032-422-2697
3,강릉점,강원도 강릉시 금학동 52-1 1층,033-643-0141
4,강원사내점,"강원도 화천군 사내면 사내로 41-1, 1호",033-442-8822
5,강원양구점,강원 양구군 양구읍 사명길 97,010-4228-5423
6,강원춘천점,강원도 춘천시 중앙로1가 91 지하상가 나 - 40호,033-251-4619
7,강원화천점,강원도 화천군 화천읍 중앙로 10-3,033-442-8500
8,개봉역점,서울특별시 구로구 개봉동 415 개봉역 구내,02-2683-1210
9,개포점,"서울특별시 강남구 개포로82길 9-15, 105호(개포동, 영진빌딩)",02-3412-8408
10,거제고현점,"경상남도 거제시 거제중앙로 1894(고현동 ,106호)",055-636-1077
11,거제아주동점,"경상남도 거제시 아주1로 3길, 37-1, 1층(아주동,비단채)",055-682-3046
12,거창점,경상남도 거창군 거창읍 중앙로 1길 5,055-942-0233
13,경기광주점,경기도 광주시 경안동 28-7,031-766-8687
14,경기오포점,"경기도 광주시 오포읍 신현로 24,외2번지",031-715-8013
15,경남고성점,경남 고성군 고성읍 동외리 288-43번지,055-672-1226
16,경남대점,"경상남도 창원시 마산합포구 해운동 5-95, 해운프라자상가 103호",055-222-0053
17,경남동읍점,경상남도 창원시 의창구 동읍 동읍로 9,055-253-6752
18,경남의령점,경상남도 의령군 의령읍 의병로 223,055-574-0077
19,경남칠원점,경상남도 함안군 칠원읍 원서로 3,055-586-4172
20,경남하동점,경상남도 하동군 하동읍 중앙로 29-3,055-884-5820
21,경북대점,대구광역시 북구 산격동 1332-10,053-951-5078
22,경북울진점,경상북도 울진군 울진읍 읍내리 54-6,054-781-2795
23,경산사동점,경상북도 경산시 백자로10길 3-11(사동),053-812-0045
24,경산시장점,경상북도 경산시 중앙로 76(중방동),053-813-2117
25,경산옥곡점,"경상북도 경산시 경산로 43, 1층 (옥곡동)",053-816-2220
26,경성대점,"부산광역시 남구 용소로 9 (대연동, 성신빌딩 1층)",051-623-7775
27,경주동대점,"경상북도 경주시 동대로 10-1, 1층",054-741-7767
28,경주점,"경상북도 경주시 동성로  118, 1층(노동동)",054-773-9449
29,고령점,경상북도 고령군 대가야읍 중앙로 15-2,054-954-0788
30,고척점,서울특별시 구로구 고척로 143(고척동),02-2683-2141
31,곤지암점,경기 광주시 곤지암읍 곤지암리 441-16 네이처컬렉션,031-769-8687
32,공주점,충청남도 공주시 중동 136-2,041-856-0908
33,광양마동점,"전라남도 광양시 사동로 177-1, 1층(마동)",061-791-2606
34,광양사동하나로점,전라남도 광양시 공영로 25(중동),061-793-7955
35,광양칠성점,전라남도 광양시 광양읍 칠성로 52,061-763-2679
36,광운대점,"서울시 노원구 월계동 410-1, 104호",070-8815-1774
37,광주금호점,광주광역시 서구 운천로 1(금호동),062-366-2828
38,광주동천점,광주광역시 서구 하남대로680번길 2. 1층(동천동),062-528-1339
39,광주두암점,광주광역시 북구 두암동 삼정로 112,062-268-9229
40,광주문흥점,"광주광역시 북구 문산로 42,105-105(문흥동,모아아파트상가)",062-263-4941
41,광주백운점,"광주광역시 남구 백운로 64, 1층(백운동)",062-676-9977
42,광주상무점,"광주광역시 서구 상무중앙로 103,107호(치평동, 휴먼빌딩)",062-385-2828
43,광주송정점,광주광역시 광산구 광산로 31-3(송정동),062-942-6678
44,광주신창점,광주광역시 광산구 신창로 69(신창동),062-956-7996
45,광주염주점,광주광역시 서구 월드컵4강로75(화정동),062-374-6403
46,광주오치점,광주광역시 북구 서하로 179 오치동1층,062-575-1339
47,광주용봉점,"광주광역시 북구 용봉택지로 39, 1동108호(용봉동)",062-529-0006
48,광주운암점,"광주광역시 북구 북문대로  141, 1층 102호(운암동, 금호아파트상가)",062-433-6723
49,광주월곡점,"광주광역시 광산구 사암로 286,1층(월곡동)",062-451-3344
50,광주일곡점,"광주광역시 북구 설죽로 505, 104호(일곡동,부민빌딩)",062-574-0058
51,광주임동점,광주광역시 북구 서림로 99-2(임동),062-511-6402
52,광주진월점,"광주광역시 남구 서문대로 686,1층 105호",062-652-7891
53,광주풍암점,"광주광역시 서구 풍암2로 16-1,1층(풍암동)",062-655-5558
54,광주학동점,광주광역시 동구 학동 868-4 해피뷰삼성메디타워,062-226-0202
55,광주화정점,광주광역시 서구 화운로 25,062-352-8900
56,광주효천점,"광주광역시 남구 효천2로 28, 101호(임암동, 건우빌딩)",062-652-3863
57,구리점,경기도 구리시 경춘로 218-5(수택동),031-564-9920
58,구미봉곡G7점,경상북도 구미시 야은로296 (봉곡동 지하1),054-604-9700
59,구미상모점,경상북도 구미시 상모동 68-3번지(상사서로 52),054-463-4855
60,구미원호점,"경상북도 구미시 고아읍 문장로26길 3,114호(낙원프라자)",070-8249-1711
61,구미점,"경상북도 구미시 문화로 14(원평동, 1층)",054-442-3179
62,구미형곡점,경상북도 구미시 형곡동로 93(형곡동),054-455-0023
63,구산점,경상남도 김해시 구산동 290-1,055-326-6112
64,구평점,경북 구미시 인동36길 24-2,070-4151-0045
65,군산나운점,"전라북도 군산시 하나운로 71-1,102호(나운동)",063-465-9485
66,군산수송점,"전라북도 군산시 수송로214, 102호(수송동, 정동빌딩)",063-467-1338
67,군산점,전라북도 군산시 중앙로 159(중앙로 1가),063-442-7088 
68,군위점,경상북도 군위군 군위읍 중앙길 99,054-383-7828
69,군포점,경기도 군포시 당정동 970-9 당정메디컬빌딩 1층 102호,031-427-0933
70,금왕점,충청북도 음성군 금왕읍 무극로 285번길 3,043-877-0740
71,금호동점,서울특별시 성동구 금호동 3가 412 1층,02-2236-9771
72,길동시장점,"서울특별시 강동구 천호대로 187길 74 109(길동,길동우성아파트상가동)",02-489-0304
73,김천역점,경상북도 김천시 김천로 108-2,054-439-0282
74,김천하나로점,"경북 김천시 자산로147(평화동), 김천농협하나로마트 내",054-437-7223
75,김포장기점,"경기도 김포시 김포한강4로 118,1층 106호(장기동)",070-8875-5210 
76,김해내외점,"경상남도 김해시 함박로 101번길 22,112호(외동,삼우빌딩)",055-323-4888
77,김해삼계점,경남 김해시 삼계동 1466-1번지,055-313-7155
78,김해서상점,"경상남도 김해시 가락로 82,101호(서상동)",055-324-8896
79,김해인제대점,경상남도 김해시 인제로 193(어방로),055-326-6280
80,김해장유점,경상남도 김해시 능동로 167번길 1,055-331-0005
81,김해진영점,경상남도 김해시 진영읍 여래리 700-33 ,055-343-6669
82,나주혁신도시점,"전라남도 나주시 전력로6, 1동 105호",061-333-3558 
83,남목점,울산광역시 동구 동해안로 31-2(동부동),052-297-1114
84,남성역점,서울특별시 동작구 사당로 16가길 26 (사당동),02-3473-5547
85,남양주덕소점,경기도 남양주시 와부읍 덕소리 473-8,031-576-7600
86,남양주마석점,경기도 남양주시 화도읍 마석중앙로 마석중앙로 63-1,031-559-1017
87,남양주점,경기 남양주시 진접읍 장현로 77(장현프라자128호),031-571-7172
88,남양주평내점,경기도 남양주시 경춘로 1256번길 10,031-594-1435
89,남지점,경상남도 창녕군 남지읍 낙동로 508,055-521-0210
90,남포1호점,부산광역시 중구 광복로 44(창선동1가),051-245-4393
91,남포지하상가점,부산광역시 중구 남포동1가 15 부산지하철남포동역내,051-255-4393
92,노원점,서울특별시 노원구 상계동 599번지 1층 2,02-3391-9159
93,노은점,"대전광역시 유성구 은구비남로 33번길 56, 102호",042-824-1207
94,녹두거리점,"서울특별시 관악구 대학5길 8, 1층(신림동)",02-872-7477
95,다대점,부산광역시 사하구 다대동 920-2,051-261-7131
96,다문화거리점,"경기도 안산시 단원구 다문화길 15, 104(원곡동)",031-495-0458
97,다사점,"대구광역시 달성군 다사읍 달구벌대로 875, 1층 109호(엠에이프라자)",053-592-7274
98,달서용산점,"대구광역시 달서구 용산로 229,107호(용산점)",053-523-3025
99,답십리점,서울특별시 성동구 용답중앙 15길 4,02-2214-2207
100,당진점,충청남도 당진시 읍내동 224-4 진원스타타워 1층 112호,041-356-7932
101,대곡역점,대구광역시 달서구 비슬로 2716(대곡동),053-636-1537
102,대구대곡점,"대구광역시 달서구 도원로 30, 111호(도원동,대곡프라자)",053-631-9915
103,대구월성점,"대구광역시 달서구 조암로 25,103호(월성동)",053-632-5558
104,대동창원점,"경상남도 창원시 성산구 원이대로 730 (상남동, 창원 대동백화점 내)",055-212-8600
105,대림중앙시장점,서울특별시 영등포구 디지털로 53길 15(대림동),02-6203-9326
106,대전가오점,"대전광역시 동구 동구청로 101,107호(가오동,세이프존)",042-271-1533
107,대전대점,"대전광역시 동구 용운로 150, 1층(용운동)",042-284-2384
108,대전유성점,"대전광역시 유성구 계룡로 44, 1층(봉명동)",042-823-5647
109,대전은행점,"대전광역시 중구 대종로 488번길 25(은행동,1층)",042-223-0707
110,대전터미널점,"대전광역시 동구 동서대로 1679, 102호(용전동,외필지1층)",042-621-9307
111,대현점,대구광역시 북구 신암로 101(대현동),053-742-0607
112,동광양하나로점,전라남도 광양시 공영로 25(중동),061-791-4955
113,동두천중앙점,"경기도 동두천시 중앙로 259 (생연동,구터미널앞미래빌딩)",031-858-8522
114,동두천지행점,"경기도 동두천시 지행로  56,107호(지행동,스타월드타워)",031-868-8522
115,동부시장점,서울 중랑구 망우로 32길 12 (상봉동),02-438-1799
116,동서대점,부산광역시 사상구 가야대로 366번길 4(주례동),051-326-8002
117,동성로점,대구광역시 중구 동성로 33-2 (동성로2가),053-256-2259
118,동울산시장점,울산광역시 동구 진성 14길 92(전하동),052-233-7770
119,동인천점,"인천광역시 중구 인현동 1 중앙로지하상가 107, 109, 111호",032-766-0302
120,두류점,대구광역시 서구 달구벌대로 1760 두류1번가 B열 31호 (내당동),053-657-9757
121,등촌시장점,서울특별시 양천구 목3동 613-5,02-2644-6198
122,마들점,"서울특별시 노원구 동일로 1542 102(상계동,상계주공아파트12단지종합상가제1층)",02-932-7632
123,마산 내서점,경상남도 창원시 마산회원구 내서읍 10(중앙상가 1층 101호),055-232-2072
124,마산진동점,경상남도 창원시 마산합포구 진동면 삼진의거대로 642,055-271-6751
125,마산창동점,경상남도 창원시 마산합포구 창동거리길 35(창동),055-223-9668
126,마산합성동점,경상남도 창원시 마산회원구 합성옛길 142 (합성동),055-255-8992
127,마산호계점,경상남도 창원시 마산회원구 내서읍 호계본동로 5,055-231-6681
128,마장동점,"서울특별시 성동구 고산자로 341(마장동, 1층)",02-2295-5521
129,마천점,서울특별시 송파구 마천동 129-1 1층 101호,02-400-4484
130,만성점,전라북도 전주시 덕진구 만성중앙로 56. 1동 103호,063-905-2000
131,망원점,"서울특별시 마포구 월드컵로13길 45, 1층(망원동)",02-335-1377
132,목원대점,"대전광역시 서구 도안북로 95, 105호(도안동,씨티타워)",042-823-5525
133,목포하당점,"전라남도 목포시 장미로 38, 1층 101호(상동)",061-282-2764
134,문경점,경상북도 문경시 중앙시장1길 2-1(점촌동),054-556-1223
135,물금점,"경상남도 양산시 물금읍 범어로 60, 1층 104호(청암프라자)",055-388-7117
136,밀양점,경상남도 밀양시 석정로 18-1(내일동),055-356-6646
137,반석점,"대전광역시 유성구 반석동로 51,1층 107호(반석동)",042-822-6998
138,반여점,부산광역시 해운대구 선수촌로 105-2 (반여동),051-529-8550
139,반포지하상가점,서울특별시 서초구 신반포로 지하200(강남터미널지하쇼핑몰 D-57호),02-599-0030
140,방이점,서울특별시 송파구 백제고분로48길 22,02-421-5507
141,방촌시장점,대구광역시 동구 동촌로 228 (방촌동),053-981-5589
142,방학점,서울특별시 도봉구 도봉동 611-26 1층,02-956-4533
143,방화점,"서울특별시 강서구 양천로 72(방화동, 1층)",02-2662-1332
144,병방시장점,"인천광역시 계양구 병방시장로 73 2-104(병방동,아주아파트상가동1층",032-547-0770
145,보령점,충청남도 보령시 중앙로 73 (대천동),041-936-8871
146,보은점,충청북도 보은군 보은읍 삼산로 25-1,043-543-7939
147,봉천점,서울시 관악구 남부순환로 1737(봉천동),02-877-0181
148,부사동점,대전광역시 중구 대종로 299-1 (부사동),042-223-5647
149,부산가야점,"부산광역시 부산진구 대학로 11,1층(가야동)",051-898-4352
150,부산기장시장점,부산광역시 기장군 기장읍 차성동로 64,051-722-9200
151,부산기장점,부산광역시 기장군 기장읍 읍내로 108,051-723-6559
152,부산대연못골점,부산광역시 남구 수영로 197 ( 대연동.1층),051-612-6069
153,부산명지점,"부산광역시 강서구 명지오션시티11로 74,108호(명지동,오션타워)",051-202-7772
154,부산반송점,"부산광역시 해운대구 아랫반송로 32-1,1층(반송동)",051-542-6559
155,부산사직점,부산광역시 동래구 사직동 45-18,051-552-7757
156,부산신호점,"부산광역시 강서구 신호산단2로 33,102호(신호동,골든뷰)",051-972-6627
157,부여점,"충청남도 부여군 부여읍 중앙로5번길 15-1, 1층",041-837-8090
158,분당서현점,"경기도 성남시 분당구 서현로 210번길 14(서현동, 유성트윈프라자 1)",031-709-9992
159,비래점,대전광역시 대덕구 비래동 126-23,042-622-7932
160,사가정점,"서울특별시 중랑구 면목로 344-1, 1층",02-433-1911
161,사천벌리동점,경상남도 사천시 주공로 16(벌리동),055-835-1771
162,사천점,경상남도 사천시 사천읍 읍내로 14-1,055-852-7677
163,산업대점,"서울특별시 노원구 공릉로 196, 1층(공릉동)",02-949-3878
164,산청점,경상남도 산청군 산청읍 덕계로 21,055-972-7786
165,삼정그린빌점,대구광역시 달서구 야외음악당로 39동길31(두류동),053-657-6565
166,삼척도계점,강원도 삼척시 도계읍 도계강변길 23,033-541-6751
167,삼척점,강원도 삼척시 남양동 55-93 102호,033-573-5450
168,서남시장점,"대구광역시 달서구 달구벌대로 329길 10, 1층(감삼동)",053-567-5078
169,서동점,"부산광역시 금정구 서동로 148, 1층(서동)",051-524-6751
170,서부정류장점,대구광역시 달서구 월배로 485(송현동),053-622-6751
171,서산점,"충청남도 서산시 시장6로 33,101호(동문동)",041-669-0007
172,서산터미널점,충청남도 서산시 동문동 307-1,041-663-0061
173,서재점,대구광역시 달성군 다사읍 서재로 119,053-592-0308
174,서천점,"충청남도 서천군 서천읍 서천로 147, 105호(하영프라자)",041-952-6751
175,석계점,"서울특별시 노원구 석계로3길 3, 1층 103호(월계동)",02-909-0540
176,석적점,"경상북도 칠곡군 석적읍 유학로 36, 1층 3호",054-791-8864
177,석전점,경상남도 창원시 마산회원구 석전동 6길 2,055-253-0536
178,선산점,경상북도 구미시 선산읍 남문로 23,054-482-0365
179,성당시장점,대구광역시 남구 성당로 194 (대명동),053-625-6751
180,성서용산점 ,대구광역시 달서구 성지로 68(용산동),053-581-5633 
181,성수점,"서울특별시 성동구 아차산로7길 8(성수동2가,1층)",010-2688-0545
182,성환점,충청남도 천안시 서북구 성환읍 성환11길 37(1층),041-585-6634
183,세이백화점대전점,대전시  중구 계룡로 1700 세이백화점 TWO 지하1층,070-4126-0307
184,소답점,경상남도 창원시 의창구 읍성로  51 (중동),055-253-6685
185,속초점,강원도 속초시 금호동 479-3,033-636-5334
186,송탄출장소점,경기도 평택시 특구로 24(서정동),031-663-4206
187,송파점,서울특별시 송파구 석촌동 295-11,02-3432-7080
188,수락점,"서울시 노원구 동일로 1689(상계동,하이베라스 상가 101-1)",02-930-1078
189,수영점,부산광역시 수영구 수영로  705번길7(수영동),051-753-1023
190,수완점,"광주광역시 광산구 임방울대로 334, 1층(수완동, 노블메디칼센터)",062-962-9970
191,수원정자점,경기도 수원시 장안구 정자동 74-33 1층,031-242-2932
192,수원하나로마트점,수원시 권선구 서부로 1937 수원하나로마트 1층,031-292-2126
193,수유리점,서울특별시 강북구 도봉로 339,02-992-3721
194,수지상현점,"경기도 용인시 수지구 만현로 110,B동114호(상현동,외6필지 원희캐)",031-272-5631
195,순천신대점,전라남도 순천시 해룡면 좌야로 150 상가 711동 125호(중흥에코시티7단지),061-722-1228
196,순천연향점,"전라남도 순천시 연향중앙상가길 19(연향동, 2호)",061-725-3651
197,시화로데오점,"경기도 시흥시 중심상가3길 9, 101(정왕동,청진프라자)",031-497-6909
198,시흥능곡점,"경기도 시흥시 승지로 58, 103호(능곡동,태영프라자)",031-315-0531
199,시흥동점,서울특별시 금천구 금하로 632(시흥동),02-805-5902
200,신관동점,"충청남도 공주시 신금2길 27, 1층 3호",041-855-5156
201,신내점,"서울시 중랑구 신내로 82 (신내동, 신내14차 금강프라자 112",02-435-7435
202,신당동점,"서울특별시 중구 퇴계로 76길 33,외 1(무학동)",02-2231-8747
203,신대방점,서울특별시 관악구 신림동 517-56,02-869-3300
204,신도림테크노마트,"서울특별시 구로구 새말로 97(구로동,신도림테크노마트1층 F01)",02-2111-1107
205,신철원점,강원도 철원군 갈마읍 삼부연로 9,033-452-5261
206,신탄진점,"대전광역시 대덕구 신탄진로 815, 1층(신탄진동)",042-936-4203
207,쌍촌점,광주광역시 서구 상일로 46(쌍촌동),062-385-1585
208,아산온양점,"충청남도 아산시 온궁로 24(온천동,1층)",041-531-5574
209,아주대점,"경기도 수원시 팔달구 중부대로 245, 102호(우만동)",031-212-2181
210,안강점,경상북도 경주시 안강읍 비화원로 79,054-763-0032
211,안동옥동점,경북 안동시 경북대로 433 매트로상가 1층,054-853-3144
212,안산원곡점,"경기도 안산시 단원구 라성로 48(원곡동, 보성상가 104호)",031-405-6225
213,안산초지점,"경기도 안산시 단원구 초지로 114, 108호 (초지동, 주공프라자)",031-403-7162
214,안산한대역점,"경기도 안산시 상록구 중보로 49, 1층 113호(이동,숭실프라자)",031-406-0589
215,안성공도점,"경기도 안성시 공도읍 공도4로  11,1동-101(예일상가)",031-691-6634
216,안성점,경기도 안성시 중앙2길 14(대천동),031-671-3807
217,안양관양점,경기도 안양시 동안구 관평로 328,031-476-5526
218,안지랑점,대구광역시 남구 대명로 170(대명동),053-655-3530
219,약수점,"서울특별시 중구 다산로 126,1층(신당동)",02-2216-5003
220,양산덕계점,경상남도 양산시 덕계로 80(덕계동),055-363-0209
221,양산점,"경상남도 양산시 양산역1길 22, 101호(중부동,위너스타워)",055-365-8118
222,양양점,강원도 양양군 양양읍 양양로 56,033-671-2298
223,양주고읍점,"경기도 양주시 고읍남로 15,108호(광사동,마들프라자)",031-848-0489
224,양주덕계점,경기도 양주시 덕계동 694 리치마트내 화장품,031-857-6898
225,양평점,경기도 양평군 양평읍 양평시장길 20-2,031-774-3044
226,언양점,울산광역시 울주군 언양읍 남부리 141,052-263-4556
227,엄궁점,부산광역시 사상구 엄궁북로 10(엄궁동),051-316-7688
228,여수여서점,전라남도 여수시 여서1로 80(여서동),061-652-1120
229,여수점,전남 여수시 진남상가길 42-1(교동),061-662-6432
230,여주가남점,경기도 여주시 가남읍 태평2길 33,031-882-0660
231,여주점,경기도 여주시 세종로 14번길 28(하동),031-886-2938
232,여주하나로점,경기도 여주시 강변북로 50(오학동)  여주하나로마트 1층,031-886-2937
233,영덕점,경상북도 영덕군 영덕읍 중앙길 103,054-734-7345
234,영등포지하상가점,"서울특별시 영등포구 영중로 지하20, 로터리지하상가 44,45호",02-2631-1160
235,영월점,강원도 영월군 영월읍 중앙로 22,033-373-3255
236,영천언하점,경상북도 영천시 언하공단로 83. 103호(망정동),054-338-6599
237,영해점,경상북도 영덕군 영해면 예주시장길 33,054-732-3188
238,예산점,충청남도 예산군 예산읍 예산로 202번길 3,041-334-1556
239,오산점,"경기도 오산시 원동로 7번길 35, 1층(원동)",031-372-6290
240,오창화학점,충청북도 청주시 흥덕구 옥산면 남촌리 1114-1 LG화학오창공장 광학2동 3층내,043-266-2470
241,옥천점,충청북도 옥천군 옥천읍 중앙로 48-2,043-732-6751
242,온산점,울산광역시 울주군 온산읍 덕신로 259,052-238-6751
243,외동점,경상북도 경주시 외동읍 입실로65 ,054-775-7767
244,용원점,"경상남도 창원시 진해구 안골로 348, 109호(용원동,용원그랜드쇼핑제1)",055-542-9005
245,용인점,"경기도 용인시 처인구 금령로90번길 1(김량장동,1층)",031-322-4915
246,용현동점,인천광역시 미추홀구 낙섬중로 42-2(용현동),032-882-8262
247,울산구영점,"울산광역시 울주군 범서읍 점촌3길 8-15,125호(지에스프라자)",052-248-2247
248,울산삼산점,울산광역시 남구 삼산중로 74번길 6,052-274-3397
249,울산세이브존점,울산시 남구 번영로 250번길9 세이브존 1층,052-261-2778
250,울산신정점,울산시 남구 신정동 619-16 ,052-271-0098
251,울산온양점,"울산광역시 울주군 온양읍 대안리 400-1, 대안상가 101호",052-239-6751
252,울산천곡점,울산광역시 북구 천곡동 410-23 1층,052-298-3337
253,울산태화점,울산광역시 중구 신기 7길 31(태화동),052-245-3397
254,원주무실점,강원도 원주시 무실동 1855-1 시티프라자 106호,033-747-3775
255,원주문막점,"강원도 원주시 문막읍 왕건로 29,101호",033-746-3044
256,원주중앙점,"강원도 원주시 중앙시장길 11(중앙동, 외4필지 자유시장1층 11-1)",033-742-2198
257,원주하나로점,"강원도 원주시 원일로 233,1층(학성동)",033-746-5745
258,월촌역점,대구광역시 달서구 송현로 36(송현동),053-656-4869
259,유강점,경상북도 포항시 남구 연일읍 유강길17번길 5,054-274-6615
260,유스퀘어점 ,광주광역시 서구 무진대로 904 유스퀘어,062-252-2550
261,음성점,충청북도 음성군 음성읍 수정로 56,043-872-9696
262,의왕부곡점,경기도 의왕시 부곡시장길 29(1층 삼동),031-462-3315
263,의정부민락점,"경기도 의정부시 오목로205번길 35, 1층 112호(민락동, 진산프라자투) ",031-852-8522
264,의정부점,경기도 의정부시 의정부동 170-8,031-821-2408
265,의정부호원점,경기 의정부시 호원동 평화로 230번길 13 우남푸르미아 101동 701호 ,031-876-3675
266,이대스타점,서울특별시 서대문구 이화여대길 34 ,02-362-5635
267,이수점,서울특별시 동작구 사당동 139-88 1층 ,02-535-3358
268,이천점,경기도 이천시 서희로 59번길 13(창전동),031-631-2251
269,익산부송점,전라북도 익산시 부송1로 71 (부송동),063-831-6472
270,익산함열점,전라북도 익산시 함열읍 함열중앙로 16,063-862-0010
271,인천검단점,"인천광역시 서구 완정로 159, 101호(왕길동)",070-4131-4117
272,인천동암점,"인천광역시 부평구 아트센터로 30, 1층 남측점포(십정동)",032-442-0220
273,인천만수시장점,"인천광역시 남동구 만수로  43 (만수동,1층)",032-468-4750
274,인천서창점,인천광역시 남동구 서창동 708-3 서창 비젼프라자,032-465-1711
275,인천신기점,인천광역시 남구 주안동 1315-16 남부상가 6동 14호,032-866-9826
276,인천옥련점,"인천광역시 연수구 독배로40번길 7, 102호(옥련동)",032-831-1279
277,인천제물포점,인천광역시 미추홀구 수봉로 1(숭의동),032-881-1236
278,인천주안점,인천광역시 미추홀구 주안로 지하86 241호,032-872-1228
279,인천학익점,"인천광역시 남구 한나루로 389(학익동, 1층일부)",032-873-1191
280,일산고양점,"경기도 고양시 덕양구 혜음로 21,1층 2호(고양동)",031-962-6977
281,일산시장점,경기도 고양시 일산서구 원일로 74번길 12(일산동),031-975-6560 
282,일산원흥점,"경기도 고양시 덕양구 도래울로 103,107호(도내동, 대영프라자)",031-816-5477
283,일산탄현점,"경기도 고양시 일산서구 산현로 15,108호(탄현동 무광프라자)",031-913-1161
284,일산풍동점,"경기도 고양시 일산동구 숲속마을로 42,104(풍동,에이스타워)",031-907-1458
285,일산후곡점,"경기도 고양시 일산서구 일산로 570,102호(일산동,한성빌딩)",031-922-7900
286,잠실지하상가점,서울특별시 송파구 올림픽로 265 잠실역지하쇼핑센터,02-423-5570
287,장승포점,"경상남도 거제시 능포로 132, 201(능포동)",055-681-7772
288,장전역점,"부산광역시 금정구 금정로 153, 1층 (왼쪽상가, 장전동)",
289,장호원점,경기도 이천시 장호원읍 장감로 85-1,031-643-3044
290,전남광양점,전남 광양시 중동 1639-5 ,061-795-3333
291,전남담양점,"전라남도 담양군 담양읍 중앙로 19,1층",061-383-0921
292,전남대점,"광주광역시 북구 우치로 92,1호(용봉동)",062-268-7891
293,전남무안점,전라남도 무안군 무안읍 불무로 19,070-8818-8550
294,전남영광점,전라남도 영광군 영광읍 중앙로 187,061-351-8572
295,전남완도점,전라남도 완도군 완도읍 중앙길  8-1,061-555-3045
296,전남함평점,전라남도 함평군 함평읍 내교리 201-14(힐링빌딩),061-324-2900
297,전남해남점,전라남도 해남군 해남읍 중앙1로 139,061-535-0661
298,전북고창점,전라북도 고창군 고창읍 중앙로 219,063-563-3044
299,전북대점,전라북도 전주시 덕진구 덕진동1가 1262-30,063-255-7001
300,전북무주점,전라북도 무주군 무주읍 향학로 37,063-322-9221
301,전북부안점,전라북도 부안군 부안읍 번영로 158-1,063-582-8589
302,전북삼례점,전라북도 완주군 삼례읍 동학로 38,063-291-6699
303,전북완주봉동점,"전라북도 완주군 봉동읍 둔산1로 130, 상가동 110호",063-262-5048
304,전북익산점,전라북도 익산시 신동 787-8,063-842-7002
305,전북장수점,"전라북도 장수군 장수읍 구시장길 6-14, 2(전북은행장수지점)",063-352-1838
306,전주동산점,"전라북도 전주시 덕진구 쪽구름로  63-1, 1층 (여의동)",063-211-6011
307,전주모래내점,전라북도 전주시 덕진구 안덕원로 153(인후동2가),063-255-1271
308,전주삼천점,전라북도 전주시 완산구 용리로 144(삼천동1가),063-225-9696
309,전주서곡점,전라북도 전주시 완산구 서곡1길 13-22 (효자동3가),063-251-0035
310,전주서부점,"전라북도 전주시 완산구 홍산남로 56, 101호(효자동2가)",063-278-8818
311,전주서신점,"전라북도 전주시 완산구 당산로 49, 109동1층106호(서산동,제일비사벌)",063-277-4548
312,전주송천점,"전라북도 전주시 덕진구 붓내3길 40 (송천동2가, 외5필지)",063-274-3192
313,전주아중점,"전라북도 전주시 덕진구 석소로 27, 107동 103호(인후동1가)",063-241-8623
314,전주점,전라북도 전주시 완산구 전주객사5길 22-2(고사동),063-283-7110
315,전주평화2호점,전라북도 전주시 완산구 평화18길 23-9(평화동1가)？,063-221-3773
316,전주평화점,"전라북도 전주시 완산구 소대배기로 15, 1층 (평화동2가)",063-221-8318
317,전주혁신점,전라북도 전주시 덕진구 오공로 45 (중동),063-226-9777
318,전주호성점,전라북도 전주시 덕진구 소리로 192(호성동1가),063-245-4548
319,정관점,"부산광역시 기장군 정관읍 정관로 560,104호(마치빌딩)",051-727-7793
320,정선점,강원도 정선군 정선읍 봉양6길 35,033-562-9333
321,제주 삼화점,제주특별자치도 제주시 건주로 33,064-757-8817
322,제주남원점,제주특별자치도 서귀포시 남원읍 남원리 106-5,064-764-4079
323,제주노형하나로마트점,"제주특별자치도 제주시 월광로 77(2층, 노형동 제주시농협하나로유통센터)",064-747-6851
324,제주대정하나로마트점,제주도 서귀포시 대정읍 일주서로 2460 대정하나로마트 내 1층,064-792-8382
325,제주롯데시티점,"제주특별자치도 제주시 도령로 73, 109호(연동,펠리체아파트)",064-712-3639
326,제주성산하나로마트점,제주특별자치도 서귀포시 성산읍 일주동로 4282,064-782-0974
327,제주시청점,"제주특별자치도 제주시 중앙로 218 (이도이동, 남광빌딩)",064-723-2301
328,제주연동점,제주시 연동7길 19,064-748-4424
329,제주외도점,제주특별자치도  제주시 우정로 11길 11(외도1동),064-743-0974
330,제주인제점,제주특별자치도 제주시 고마로 86,064-726-6677
331,제주표선점,제주특별자치도 서귀포시 표선면 표선동서로 234,064-787-1579
332,제주하귀하나로마트점,제주특별자치도 제주시 애월읍 일주서로 7136 (하나로마트 1층매장),064-742-7156
333,제주화북아란점,제주특별자치도 제주시 화북일동 1973-19,064-702-7407
334,제천점,충청북도 제천시 중앙로1가 114-5,043-643-3255
335,조치원점,세종특별자치시 조치원읍 새내로 102,044-865-2228
336,주문진점,강원도 강릉시 주문진읍 작은다리길 16,070-4190-0780
337,중곡제일시장점,서울특별시 광진구 중곡동 229-7호 1층,02-467-1650
338,진영신도시점,"경상남도 김해시 진영읍 김해대로 361 16,110호(나경타운상가)",055-345-3766
339,진주경상대점,경상남도 진주시 가좌동 480-5 UCT상가 104,055-753-5259
340,진주금산점,"경상남도 진주시 금산면 중천로 80, 105호(청솔빌딩)",055-761-9119
341,진주대안점,"경상남도 진주시 진주대로 1069번길 3-1,1층(대안동)",055-761-9817
342,진주상대동점,경상남도 진주시 동진로 184-1(상대동),055-761-7554
343,진주점,경상남도 진주시 진주대로 1069번길 10(대안동),055-741-9777
344,진주하대동점,경상남도 진주시 하대로 96-1,055-752-1360
345,진주혁신도시점,경남 진주시 사들로 91,055-752-2700
346,진해장천점,"경상남도 창원시 진해구 충장로 657번길 20  제106호(장천동 ,외2필지 현대빌딩)",055-545-5560
347,진해점,경상남도 창원시 진해구 벚꽃로 74-1(화천동),055-546-3350
348,창녕점,경상남도 창녕군 창녕읍 종로 23,055-533-2223
349,창동점,서울특별시 도봉구 창동 569-85,02-996-3766
350,창원도계점,경상남도 창원시 의창구 원이대로69번길 20-1(도계동),055-284-8235
351,창원반송시장점,"경상남도 창원시 성산구 원이대로 473번길 20-8, 1동 106호",055-263-1181
352,창원봉림점,"경상남도 창원시 의창구 대봉로 14, 1층 102호(봉림동, 두성빌딩)",055-237-7709
353,창원상남점,"경상남도 창원시 성산구 마디미로 23, 1층 103호(상남동,C&B빌딩)",055-287-8990
354,창원소계점,경상남도 창원시 의창구 소계로 86(소계동),055-295-0333
355,천안성거점,"충청남도 천안시 서북구 성거읍 성거길 90, 1층",041-952-6751
356,첨단2지구점,광주 북구 첨단연신로107번길 6 ,062-571-7895
357,첨단점,"광주광역시 광산구 첨단중앙로 96, 131호 (월계동, 엘씨타워)",062-973-7891
358,청도점,경상북도 청도군 청도읍 청화로 187,054-372-4739
359,청북점,"경기도 평택시 청북읍 안청로 336, 107호  ",031-683-8130
360,청송점,경상북도 청송군 청송읍 중앙로 234-1,054-872-1098
361,청주강서점,"충청북도 청주시 흥덕구 서현북로 70 (가경동,103호)",043-233-5530
362,청주봉명점,"충청북도 청주시 흥덕구 덕암로 114번길 40,102호 (봉명동)",043-264-6052
363,청주분평점,"충청북도 청주시 서원구 1순환로 1107번길 28(분평동,명인원플러스 103호)",043-283-1152
364,청주용암점,"충청북도 청주시 상당구 용암로 3,상가동 102호(용암동)",043-296-3512
365,청주운천점,충청북도 청주시 흥덕구 사운로 263(운천동),070-4300-9430
366,청주주성점,"충청북도 청주시 청원구 율량로 112, 1층 101호(주성동)",043-235-2772 
367,청평점,경기도 가평군 청평면 청평중앙로 59,031-585-6752
368,충북괴산점,충청북도 괴산군 괴산읍 읍내로 11길 14,043-834-0205
369,충북단양점,충청북도 단양군 단양읍 별곡리 507,043-423-9797
370,충북대소점,충청북도 음성군 대소면 오태로 104-2,043-882-8571
371,충북영동점,"충청북도 영동군 영동읍 중앙로 22-1, 1층",043-743-0666
372,충북오송점,"충북 청주시 흥덕구 오송읍 오송생명5 184-6, 107호(모아미래도프라자)",043-231-3323
373,충북혁신점,충북 음성군 맹동면 원중로1424  ,043-878-0740 
374,충주점,"충청북도 충주시 성서3길 16,102호(성서동,동방타운1층)",043-847-1164
375,탑마트신다대점,부산광역시 사하구 다송로 58,051-262-2242
376,탑마트신평점,부산광역시 사하구 하신중앙로 210(신평동),051-207-8096
377,탑마트포항문덕점  ,경상북도 포항시 남구 오천읍 원동로 33,010-7181-4461
378,탑마트포항우현점,경상북도 포항시 북구 우현동 115-2 탑마트 포항우현점 ,010-4532-8889
379,태안점,"충청남도 태안군 태안읍 환동로 82,105호(태안프라자)",041-672-6162
380,태평점,"대전광역시 중구 태평로 71 110호(태평동, 뉴삼부프라자)",042-525-2289
381,통영죽림점,"경상남도 통영시 광도면 죽림3로 54-38,104호",055-646-3666
382,통영향남점,경상남도 통영시 중앙로 137(항남동),055-646-4547
383,퇴계원점,경기도 남양주시 퇴계원면 퇴계원리 292-5 1필지,031-572-4016
384,파주금릉점,"경기도 파주시 금빛로 24-22, 103호",
385,파주문산점,경기도 파주시 문산읍 문산로 46-1,070-8851-0047
386,팔달점,대구광역시 서구 팔달로170-1,053-353-3530
387,팔용점,"경상남도 창원시 의창구 팔용로 438,1층 103호",055-253-2199
388,평리점,"대구광역시 서구 국채보상로 254(평리동, 1층동편)",053-524-0325
389,평택미군기지점,경기도 과천시 삼부골로 25(주암동),070-4699-1300
390,평택비전점,경기도 평택시 평택5로 114번길 54(비전동),031-658-4599
391,평택송탄점,"경기도 평택시 쇼핑로 28-2, 1층(신장동)",031-665-4209
392,평택점,경기도 평택시 평택동 49-1,031-618-5096
393,평택포승점,"경기 평택시 포승읍 여술2길 18, 1층 101호",031-683-3045
394,포천송우점,경기도 포천시 소흘읍 솔모루로 43-1,031-542-7211
395,포천일동점,경기도 포천시 일동면 화동로 1062-1,031-536-1113
396,포천터미널점,경기도 포천시 중앙로 125-1(신읍동),031-536-7992
397,포항양덕점,경북 포항시 북구 양덕동 1197,054-247-5559
398,포항연일점,"경상북도 포항시 남구 연일읍 연일로 159번길 41,1층",054-278-7768
399,포항장성점,"경상북도 포항시 북구 용두산길 48, 108호(두호동, 성도종합시장 1층)",054-253-0900
400,포항창포점,경상북도 포항시 창포동 636-5번지,054-243-6167
401,하나로마트양산증산점,"경상남도 양산시 물금읍 증산역로 177, 지하1층 하나로마트(라피에스타)",055-911-5382
402,하나로클럽안영점,대전광역시 중구 대둔산로199번길 43,042-581-7901
403,하남점,"경기도 하남시 신평로 57(신장동, 1층)",031-793-8559
404,하이닉스점,경기도 이천시 경충대로 2091 SK하이닉스 반도체 내 복지매장,031-635-5127
405,함양점,"경상남도 함양군 함양읍 고운로 59,1층(부흥상가 101동 2호)",055-962-0333
406,합천점,경상남도 합천군 합천읍 옥산로 60,055-932-0744
407,홍성점,충청남도 홍성군 홍성읍 조양로 144번길 19,041-632-2844
408,홍천점,"강원도 홍천군 홍천읍 번영로 39,나동 101호(삼일빌딩)",033-434-9344
409,화성남양점,경기도 화성시 남양시장로 80(남양동),031-357-0670
410,화성동탄점,"경기도 화성시 동탄솔빛로 65, 1층 104호(반송동,정림프라자)",031-8003-8386
411,화성봉담점,"경기도 화성시 봉담읍 동화길  85,1층 102호 (이원타워)",070-4194-1662
412,화원점,대구광역시 달성군 화원읍 화원로 5,053-636-0609
413,황성점,"경상북도 경주시 황성로 18(황성동, 외1필지)",054-774-9339
414,횡성점,강원도 횡성군 횡성읍 읍상리 277-3,033-343-2230
415,흥해점,경상북도 포항시 북구 흥해읍 한동로 59-3,070-8623-5075
416,강남대로점,서울특별시 강남구 역삼동 814-6,02-501-7058
417,강남역사점,서울특별시 강남구 역삼동825번지 신분당선 지하1층,02-501-8340
418,경희궁자이점,서울특별시 종로구 교남동 62-1 경희궁자이 아파트 상가(펠리스에비뉴),02-735-5007
419,광화문점,서울특별시 종로구 세종로 204-1,02-720-6883
420,대구백화점프라자점,대구광역시 중구 명덕로  333 (대봉동),053-253-7787
421,라플리벨롯데마트월드점,서울 송파구 잠실동 40-1 롯데마트 월드점,02-2143-1359
422,라플리벨이마트양재점,서울 서초구 양재동 215 이마트 양재점 더페이스샵,02-2155-1152
423,라플리벨이마트역삼점,서울 강남구 역삼동 755 이마트 역삼점 더페이스샵,02-501-6825
424,롯데마트인천터미널점,"인천광역시 미추홀구 연남로 35, B1층(관교동,롯데마트 인천터미널점)",032-242-2625
425,롯데몰 수지점,경기도 용인시 수지구 성복2로 38(성복동),031-2601-2659
426,롯데몰 은평점,서울특별시 은평구 진관동 79-15 롯데몰은평점 지하 1층,02-6975-5137
427,메가마트동래점,부산광역시 동래구 명륜1동 506-3,051-552-5912
428,명동중앙로점,서울특별시 중구 명동2가 51-12,02-318-3908
429,백화점가든파이브점,"서울특별시 송파구 충민로 66, 1층(문정동)",02-2157-5211
430,사당직영점,서울특별시 동작구 사당1동 1112 사당역 내,02-521-4882
431,신세계 스타필드 부천점,"경기도 부천시 범안로 227, 311호(옥길동, 서영아너시티)",02-6386-1164
432,신세계의정부점,경기 의정부 시민로 지하 100 의정부민자역사 1층,031-8082-0250
433,신촌점,서울특별시 서대문구 연세로 14,02-312-5092
434,안산상록수점,경기도 안산시 상록구 본오동 873-4 현대프라자 104,031-406-8762
435,연신내점,서울특별시 은평구 갈현동 456-1,02-352-9514
436,울진연수원점,경상북도 울진군 온정면 소태리 1444-2번지 LG연수원내,054-502-8093
437,이대점,"서울특별시 서대문구 대현동 34-31,32번지",02-312-9701
438,이마트 반야월점,대구 동구 신서동 520-1 이마트 반야월점 ,053-961-5448
439,이마트 포항점,경북 포항시 남구 인덕동 161-176 이마트 포항점,054-283-9498
440,이마트가든파이브점,서울특별시 송파구 문정동 292번지,02-400-9404
441,이마트대전터미널점,대전광역시 동구 용전동 63-2번지,042-622-2790
442,이마트미아점,"서울특별시 성북구 도봉로 17(길음동,이마트내)",02-981-1301
443,이마트산본점,경기도 군포시 산본로  347 (산본동),031-391-1756
444,이마트성남점,경기 성남시 수정구 태평동 7336 이마트 성남점 ,031-721-2122
445,이마트용인점,경기도 용인시 처인구 명지로 53. 2층,031-321-5528
446,이마트월계점,서울시 노원구 월계동333-1,02-975-6377
447,이마트의왕점,경기도 의왕시 오전동 324-4,031-427-2179
448,이마트전주점,전북 전주시 완산구 서신동 767 이마트 전주점 더페이스샵,063-274-8077
449,이마트청계천점,서울 중구 황학동 2545 롯데캐슬 베네치아 지하2층 이마트,02-2231-9910
450,코레일유통선정릉역점,서울특별시 강남구 선릉로 580 선정릉역 맞이방,02-547-9481
451,코레일유통압구정로데오역점,서울특별시 강남구 압구정동 압구정로 402 분당선 압구정로데오역사내,02-547-8991
452,트윈타워점,서울특별시 영등포구 여의대로 128 LG트윈타워 지하 1층,02-3773-1260
453,한국철도 수원역점,경기도 수원시 팔달구 매산로 1가 18 수원역 내,031-241-9799
454,현대백화점디큐브시티,서울특별시 구로구 경인로 662(신도림동),02-2210-9781
455,현대백화점천호점,서울특별시 강동구 천호동 455-8,02-2225-7841
456,홈플러스 대구점 ,"대구광역시 북구 중앙대로 543, 지하1층(칠성동2가, 홈플러스 대구점)",053-341-8075
457,홈플러스 동대문점,서울특별시 동대문구 천호대로 133 홈플러스 동대문점 내 지하1층 네이처컬렉션,02-957-6947
458,홈플러스동대전점,대전광역시 동구 용전동 65-1 홈플러스 동대전점,042-622-8159
459,홈플러스분당오리점,경기도 성남시 분당구 구미동 159 홈플러스 분당오리점 더페이스샵,031-712-9054
460,홈플러스상인점,대구광역시 달서구 월배로 183 홈플러스 상인점 지하2층,053-631-2328
461,홈플러스서부산점,부산 사상구 괘법동 529-1 홈플러스 서부산점,051-313-2202
462,홈플러스스토어즈목동점,"서울특별시 양천구 목동서로 170 (목동, 홈플러스 목동점)",02-2062-2420
463,홈플러스스토어즈순천풍덕점,전라남도 순천시 팔마로 222 홈플러스 순천풍덕점,061-741-9691
464,홈플러스스토어즈시흥점,서울특별시 금천구 시흥동 992-47,02-808-8171
465,홈플러스스토어즈안산고잔점,경기도 안산시 단원구 광덕대로 175 홈플러스 내 1층 네이처컬렉션,031-402-8539
466,홈플러스스토어즈야탑점,경기 성남시 분당구 야탑동 341 테마폴리스 3층 홈플러스 야탑점,031-781-6514
467,홈플러스스토어즈전주완산점,전라북도 전주시 완산구 중노송동 495-6,063-231-5027
468,홈플러스스토어즈청주성안점,충청북도 청주시 상당구 사직대로 346 홈플러스 청주성안점 내 1층 네이처컬렉션,043-221-2808
469,홈플러스시화점,경기도 시흥시 정왕동 2166-4 홈플러스 시화점 더페이스샵,031-319-5548
470,홈플러스인천연수점,"인천광역시 연수구 청능대로 210 (동춘동, 홈플러스 연수점)",032-811-6126
471,화정세이브존,경기도 고양시 덕양구 화정동 970,031-974-7520
472,회기역점,서울특별시 동대문구 회기로 196 1호선 회기역 2층,02-966-7931
473,강남대점,경기 용인시 기흥구 구갈동 581-2 사훈프라자 1층 106-1호,070-4212-3171
474,강원태백점,강원 태백시 황지동 41-7번지 106호,033-553-9465
475,강화도점,인천광역시 강화군 강화읍 관청리 491-1 12  더페이스샵,032-933-3044
476,거제옥포점,경남 거제시 옥포1동 539-3,055-688-6252
477,경남함안점,경남 함안군 가야읍 말산리 480-4,055-582-8836
478,경북 칠곡 왜관점,경북 칠곡군 왜관읍 왜관리 191-9,054-973-3651
479,경북성주점,경북 성주군 성주읍 성주로 3220-1 더페이스샵,054-933-9998
480,경북의성점,경북 의성군 의성읍 후죽리 746,054-832-6006
481,경산점,경북 경산시 하양읍 금락리 130-8 우방3차상가 122호,053-856-3590
482,고양하나로마트,경기 고양시 일산서구 대화동 2324번지 고양하나로마트 1층 더페이스샵,031-922-8222
483,광주 봉선점,광주 남구 봉선동 1028-1번지,062-673-7121
484,광주운남점,광주 광산구 운남동 773-4번지 1층,062-363-7755
485,낙성대점,서울 관악구 봉천동 1656-2 더페이스샵,02-878-7880
486,남양주진건점,경기 남양주시 진건읍 진건오남로 83 103호 더페이스샵,031-575-5160
487,남해점,경남 남해군 남해읍 화전로 92 더페이스샵,055-864-5949
488,대구논공점,대구 달성군 논공읍 논공로5길 157,053-614-8946
489,대구동서시장점,대구 동구 신암5동 107-3,053-957-1021
490,대구현풍점,대구 달성군 현풍면 현풍중앙로 55(하리 125번지),053-611-2101
491,더페이스샵전곡점,경기 연천군 전곡읍 전곡로 150-1,031-832-2220
492,도곡점,서울 강남구 도곡동 467-7 아카데미스위트A동 지하1층 101-76호,02-577-7097
493,명지대점,서울 서대문구 남가좌동 240 동부 센트레빌상가 1-7A호,070-8810-1432
494,목동점,서울 강서구 화곡동 798-4호 더페이스샵,02-2651-1971
495,목포점,전남 목포시 죽동 16-4,061-245-2764
496,배재대점,대전 서구 배재로 162-1 더페이스샵,042-300-8825
497,부산애플아울렛점,부산 사상구 괘법동 534-1번지 애플아울렛 1층,051-559-6272
498,부산진역전점,부산 동구 수정동 200 - 1 번지,051-465-1355
499,부천상동시장점2013,경기 부천시 장말로 200번길 45,032-612-6440
500,석남동점,인천 서구 석남동 576-47 더페이스샵,032-577-3473
501,성남상대원점,경기 성남시 중원구 상대원2동 4398,031-734-6946
502,성남중앙점2012,경기 성남시 수정구 수진1동 48번지 더페이스샵,031-751-2908
503,세교신도시점,경기 오산시 금암동 412-4 롯데슈퍼 제1층 104호 더페이스샵,031-372-6672
504,순천2호점,전남 순천시 남내동 49 - 8 번지,061-753-3200
505,시흥연성지구점,경기 시흥시 장곡동 820-3 부석프라자 106,031-435-7225
506,신월2호점,서울 양천구 신월동 550-5 1층,02-2691-1910
507,신천점,서울 송파구 잠실동 208-16번지 1층,02-415-8806
508,양산서창점,경남 양산시 서창로 191-2,055-362-3739
509,양평용문점,경기 양평군 용문면 다문리 729-7 더페이스샵,031-774-6607
510,영주점,경북 영주시 구성로 350번지 (영주동) 더페이스샵,054-635-2163
511,외국어대점,서울 동대문구 이문동  305-152 더페이스샵,02-957-0332
512,울산대송시장점,울산 동구 화정동 171-1,052-235-8529
513,울산대점,울산 남구 무거동 618-10,052-249-4558
514,울산병영점,울산 중구 남외동 214-1번지 더페이스샵,052-296-3397
515,울산원예농협,울산 울주군 범서읍 굴화리 295-1 2층,052-225-8834
516,울산태화시장점,"울산광역시 중구 유곡로19, 1층(태화동)",
517,울산호계점,울산 북구 신천동 324-6,052-292-7067
518,은천점,"서울 관악구 봉천동 1708,1708-1 두산상가 2동 111호",02-872-1242
519,인제점,강원도 인제군 인제읍 비봉로 5 더페이스샵,033-463-5100
520,인천구월동모래내점,인천 남동구 구월동 1264-41번지 1층 더페이스샵,032-462-0220
521,인천부평지하2호점,"인천 부평구 부평대로 지하69(부평동,부평지하상가 G동 21호) 더페이스샵",032-511-0324
522,전남강진점,전남 강진군 강진읍 남성리 32-4,061-434-0117
523,전남고흥점,전남 고흥군 고흥읍 남계리 924-3,061-832-8900
524,전남보성점,전남 보성군 보성읍 보성리 893-12,061-852-8009
525,전남장성점,전남 장성군 장성읍 영천리 1038-1,061-393-5533
526,전북남원점,전북 남원시 광한북로 38 (쌍교동 243-3번지) 더페이스샵,063-625-8086
527,정읍점,전북 정읍시 수성동 723,063-534-0345
528,제주서귀포점,제주 서귀포시 서귀동 370-16번지,064-733-1052
529,제주점,제주 제주시 일도1동 1476-60 중앙지하상가 212,064-752-0991
530,제주한림점,제주 제주시 한림읍 한림리 1351-1,064-796-7504
531,청주점,충북 청주시 상당구 북문로1가 65-2 THEFACESHOP,043-253-3390
532,청주하복대점,"충북 청주시 흥덕구 진재로 54,1층(복대동)",043-232-4556
533,충남금산점,충남 금산군 금산읍 중도리 330,041-751-2777
534,충북진천점,충북 진천군 진천읍 중앙동로 77,043-533-2628
535,평택안중점,경기 평택시 안중읍 안중리 233-7,031-681-7766
536,포항구룡포점,경북 포항시 남구 구룡포읍 구룡포3리 708-20,054-276-3096
537,포항점,경북 포항시 북구 대흥동 723-2번지,054-242-1176
538,화순점,전남 화순군 화순읍 만연리 241-3번지,061-375-8555
539,2001아울렛 구로점,서울 구로구 고척동 76-41 2001아울렛 1층 더페이스샵,02-2616-1116
540,2001아울렛 부평점,인천 부평구 산곡동 311-151번지 부평아울렛 1층,032-363-5629
541,2001아울렛 분당미금점,경기 성남시 분당구 구미동 11-1 아울렛 지상 1층 더페이스샵,031-786-2619
542,2001아울렛 안산고잔점,경기 안산시 단원구 고잔동 725-1 2001아울렛 안산고잔점 B관 1층 더페이스샵,031-436-4119
543,2001아울렛 중계점,서울 노원구 중계동 509 2001아울렛 중계점 1층,02-3399-8216
544,2001아울렛 철산점,경기 광명시 철산동 261 2001아울렛철산점 1층 더페이스샵,02-2066-1215
545,2001아울렛안양점,경기 안양시 만안구 안양4동 627-287 2001아울렛 안양점 1층 더페이스샵,031-443-2947
546,2001아울렛천호점,서울특별시 강동구 구천면로 189  2001아울렛 천호점 1층 더페이스샵,02-2224-6463
547,GS슈퍼 명일점,"서울특별시 강동구 양재대로 1630(명일동,외10필지)",00-000-000
548,GS슈퍼 청주용담점,충북 청주시 상당구 용담동 407,043-283-0761
549,GS슈퍼 평거점,경남 진주시 평거동 204-1 진주GS슈퍼 1층 더페이스샵,055-747-1373
550,GS슈퍼마켓초읍점,부산 부산진구 새싹로 244 GS슈퍼마켓초읍점 1층 더페이스샵,051-802-5173
551,GS슈퍼서인천점,"인천 서구 심곡동 249-4,5 GS슈퍼 서인천점 1층 더페이스샵",032-561-9820
552,GS슈퍼의왕점,경기 의왕시 왕곡동 598-1 GS슈퍼마켓 1층 더페이스샵,031-427-4886
553,GS슈퍼포항창포점,경북 포항시 북구 새천년대로 1076번길 4 더페이스샵,054-242-4812
554,HDC신라면세점 용산점,서울 용산구 한강대로23길 55(한강로3가) 더페이스샵,02-490-3616
555,NC백화점 구로점,"서울시 구로구 구로중앙로 152, 엔씨백화점 구로점 지하1층 더페이스샵",02-6923-2103
556,NC백화점 야탑점,경기 성남시 분당구 야탑동 357-1 뉴코아아울렛 지상 1층 더페이스샵,031-780-3103
557,NC웨이브광주점,광주광역시 동구 중앙로 163번지 NC웨이브 2층 더페이스샵,062-718-9582
558,갤러리아백화점 천안점,충남 천안시 서북구 불당동 521-3 지하1층,041-555-4838
559,그랜드백화점 일산점,경기도 고양시 일산서구 주엽동 22 일산그랜드백화점 1층 더페이스샵,031-911-1612
560,뉴코아아울렛 광명점,경기 광명시 하안1동 38번지 1층 더페이스샵,02-899-1090
561,뉴코아아울렛 동수원점,경기 수원시 팔달구 인계동 1114-1번지 뉴코아아울렛 동수원점 1층 더페이스샵 ,031-221-6732
562,뉴코아아울렛 부천점,경기 부천시 원미구 상동 539-1 소풍 2층 더페이스샵,032-624-8250
563,뉴코아아울렛 산본점,경기 군포시 산본동 1231 뉴코아아울렛 2층,031-391-8218
564,뉴코아아울렛 울산성남점,울산 중구 성남동 249-1,052-211-7354
565,뉴코아아울렛 울산점,울산 남구 달동 1360-3 뉴코아아울렛 울산점 1층,052-257-3700
566,뉴코아아울렛 인천점,인천 남동구 구월1동 1465-1번지 뉴코아아울렛 1층 더페이스샵,032-430-5303
567,뉴코아아울렛 일산점,경기 고양시 일산구 마두동 792-2 뉴코아일산점 1층,031-900-5159
568,뉴코아아울렛 평촌점,경기도 안양시 동안구 동안로 119  1층 더페이스샵,031-380-1308
569,뉴코아아울렛 평택점,경기 평택시 비전동 830-1 뉴코아아울렛 지상1층 더페이스샵,031-650-6137
570,뉴코아아울렛괴정점,부산광역시 사하구 괴정3동 961-1,051-209-5249
571,뉴코아아울렛덕천점,부산 북구 덕천동 389-2 1층 더페이스샵,051-366-2223
572,뉴코아아울렛창원점,경남 창원시 의창구 팔용동 30-1 뉴코아아울렛 창원점 1층 더페이스샵,055-270-3401
573,동아강북점,대구 북구 읍내동 1343-6번지 동아백화점 강북점1층,053-320-7727
574,동아백화점 쇼핑점,대구 중구 달구벌대로 2085 동아백화점쇼핑점,053-423-7875
575,롯데마트 검단점,인천 서구 마전동 626-7 롯데마트 검단점 더페이스샵,032-567-0015
576,롯데마트 광주점,광주 서구 금화로 240 월드컵경기장 內 롯데마트 월드컵점 1층 더페이스샵,062-672-2603
577,롯데마트 구리점,경기 구리시 인창동 430 구리롯데마트 3층 더페이스샵,031-553-3221
578,롯데마트 구미점,경북 구미시 신평동 465번지  롯데마트 1층,054-463-6660
579,롯데마트 군산점,전북 군산시 수송로 185 롯데마트 군산점 1층 더페이스샵,063-461-6372
580,롯데마트 김포공항점,서울 강서구 방화동 886번지 롯데몰 내 롯데마트 더페이스샵,02-6116-1689
581,롯데마트 노은점,대전 유성구 하기동 518번지,042-824-7396
582,롯데마트 당진점,충남 당진시 당진읍 원당리 824,041-350-7142
583,롯데마트 대구점,대구 동구 율하동 1117번지 롯데마트 지하1층,053-607-2764
584,롯데마트 대덕테크노밸리점,대전 유성구 관평동 887번지 대덕테크노밸리 단지 롯데마트 1층,042-933-1164
585,롯데마트 덕소점,경기 남양주시 와부읍 덕소리 501-3  롯데마트 덕소점 더페이스샵,031-576-9106
586,롯데마트 동두천점,경기 동두천시 송내동 529외 롯데마트 동두천점 2층 더페이스샵,031-857-4726
587,롯데마트 동래점,부산 동래구 온천동 502-3번지 지하1층,051-552-7976
588,롯데마트 마산점,"경남 창원시 마산합포구 창포동 8-1,8-3번지 롯데마트1층 더페이스샵",055-222-3353
589,롯데마트 마석점,경기 남양주시 화도읍 마석우리 산16-1 롯데마트 마석점 1층 더페이스샵,031-593-2017
590,롯데마트 목포점,전남 목포시 원형서로 15 롯데마트 목포점 2층 더페이스샵,061-281-1672
591,롯데마트 부평역점,인천 부평구 부평동 738-1 롯데마트 부평역점 2층 더페이스샵,070-8825-1871
592,롯데마트 부평점,인천 부평구 산곡동 159-52 롯데마트 산곡점 지하1층 더페이스샵,032-330-0929
593,롯데마트 사상점,부산 사상구 엄궁동 364-5,051-313-3822
594,롯데마트 사하점,인천 부평구 부평동 738-21 롯데마트 부평역점 2층 더페이스샵,070-4143-0622
595,롯데마트 삼산점,인천 부평구 삼산동 465-1 롯데마트 삼산점 1층 더페이스샵,032-363-2099
596,롯데마트 삼양점,서울 강북구 미아동 1359 롯데마트 삼양점 1층 더페이스샵,02-945-5593
597,롯데마트 상당점,충북 청주시 상당구 용암동 2634 1층,043-283-8911
598,롯데마트 상무점,광주 서구 시청로 40 롯데마트 상무점 2층 더페이스샵,062-385-3248
599,롯데마트 서대전점,대전 유성구 원내동 33-19 서대전롯데마트,042-543-8643
600,롯데마트 서산점,충남 서산시 예천동 508번지 롯데마트서산점 1층(아울렛코너),041-681-5857
601,롯데마트 서울역점,서울 중구 봉래동2가 122 롯데마트 서울역점 더페이스샵,02-363-7767
602,롯데마트 성정점,충남 천안시 서북구 성정동 1486번지 1층 롯데마트,041-522-1697
603,롯데마트 송천점,전북 전주시 덕진구 송천중앙로 82 롯데마트 송천점 1층 더페이스샵,063-283-7100
604,롯데마트 송파점,서울 송파구 문정동 150-2 송파롯데마트 지상1층 더페이스샵,02-401-5169
605,롯데마트 수완점,광주 광산구 장신로 98 롯데마트 수완점 2층 더페이스샵,062-975-2823
606,롯데마트 시화점,경기 시흥시 정왕동 1366-4 롯데마트 시화점 더페이스샵,031-319-0751
607,롯데마트 안산점,경기 안산시 상록구 성포동 590번지 롯데마트안산점 2층 더페이스샵,031-485-4178
608,롯데마트 안성점,경기 안성시 공도읍 양기리 306 롯데마트 안성점 1층 더페이스샵,031-654-3650
609,롯데마트 여수점,전남 여수시 국동 37-100 롯데마트 여수점 1층 더페이스샵,061-642-0708
610,롯데마트 연수점,인천 연수구 청학동 502-4 롯데마트 연수점 더페이스샵,032-811-7215
611,롯데마트 영종도점,인천 중구 운서동 2803-2 롯데마트영종도점 1층 더페이스샵,032-751-2572
612,롯데마트 오산점,경기 오산시 오산동 868 롯데마트 오산점 1층 더페이스샵,031-371-2648
613,롯데마트 울산점,울산 남구 달동 833-1 롯데마트 1층,052-227-4622
614,롯데마트 웅상점,경남 양산시 삼호동 롯데마트1층,055-365-3510
615,롯데마트 원주점,강원 원주시 단계동 1123번지 원주롯데마트 1층 더페이스샵,033-743-5740
616,롯데마트 의왕점,경기 의왕시 내손동 743 롯데마트 의왕점 2층 더페이스샵,070-4943-0517
617,롯데마트 익산점,전북 익산시 무왕로 1053 롯데마트 익산점 1층 더페이스샵,063-834-5348
618,롯데마트 장암점,경기 의정부시 장암동 38-10 롯데마트 장암점 지하1층 더페이스샵,031-849-2549
619,롯데마트 장유점,경남 김해시 장유면 대청리  300번지 장유롯데마트1층 더페이스샵,055-314-3622
620,롯데마트 전주점,전북 전주시 완산구 바우배기2길 11 롯데마트 전주점 1층 더페이스샵,063-229-2260
621,롯데마트 정읍점,전북 정읍시 벚꽃로 85 롯데마트 정읍점 1층 더페이스샵,063-538-1345
622,롯데마트 제주점,제주특별자치도 제주시 연북로 1 롯데마트 제주점 3층,064-742-4423
623,롯데마트 주엽점,경기 고양시 일산구 주엽동 15번지 롯데마트 주엽점 1층 더페이스샵,031-919-4050
624,롯데마트 중계점,서울 노원구 중계동 361 롯데마트 중계점 2층 더페이스샵,02-930-4660
625,롯데마트 진장점,울산 북구 진장동 진장유통단지 9블럭,052-287-8650
626,롯데마트 진해점,경남 창원시 진해구 석동 543-5 롯데마트2층 더페이스샵,055-542-6263
627,롯데마트 창원중앙점,경남 창원시 성산구 중앙동 91번지 롯데마트 창원중앙점1층 더페이스샵,055-264-0630
628,롯데마트 천천점,경기 수원시 장안구 천천동 525 롯데마트 천천점 1층 더페이스샵,031-269-1806
629,롯데마트 첨단점,광주 광산구 첨단강변로99번길 22 1층 더페이스샵,062-973-8633
630,롯데마트 청량리점,서울 동대문구 전농동 620번지 청량리 롯데마트 5층 더페이스샵,02-957-8476
631,롯데마트 청주점,충북 청주시 흥덕구 가경동 1416-2번지,043-233-8633
632,롯데마트 춘천점,강원 춘천시 온의동 6번지 롯데마트 춘천첨 2층 더페이스샵,033-251-5269
633,롯데마트 충주점,충북 충주시 칠금동 849 롯데마트내 2층,043-852-6789
634,롯데마트 통영점,경남 통영시 무전동 1069번지 롯데마트 통영점1층 더페이스샵,055-648-5754
635,롯데마트 평택점,경기 평택시 합정동 968-1 롯데마트 1층 더페이스샵,031-657-5232
636,롯데마트 화명점,부산 북구 화명동 1975 화명롯데마트 1층,051-341-3622
637,롯데마트계양점,인천 계양구 계산동 장제로822번지 롯데마트 계양점 1층 더페이스샵,032-547-8262
638,롯데마트고양점,경기 고양시 덕양구 행신1동 941 1층 더페이스샵,031-978-3600
639,롯데마트광복점,부산광역시 중구 중앙대로 2  더페이스샵,051-462-0224
640,롯데마트김천점,경북 김천시 시청로 80 (신음동 470) 더페이스샵,054-436-1716
641,롯데마트김포한강점,"경기 김포시 장기동 2031번지, 롯데마트 2층 더페이스샵",070-4154-7655
642,롯데마트김해부원점,경남 김해시 부원동 부원역세권지구A-1 롯데마트김해부원점 2층 더페이스샵,055-332-7220
643,롯데마트남원점,전북 남원시 춘향로 96 롯데마트 남원점 1층 더페이스샵,063-625-5514
644,롯데마트상록점,경기 안산시 상록구 반석로 8 롯데마트 상록점 1층 더페이스샵 ,031-406-6029
645,롯데마트서청주점,충북 청주시 흥덕구 비하동 332-1 더페이스샵,043-231-5927
646,롯데마트석사점,강원 춘천시 석사동  27 롯데마트 석사점 지하 1층 더페이스샵,033-261-7236
647,롯데마트수원광교점,경기도 수원시 영통구 센트럴타운로 85 롯데마트 광교점 지하1층 더페이스샵,031-216-3330
648,롯데마트수원점,경기 수원시 권선구 서둔동 296-3 롯데마트 수원점 2층 더페이스샵,031-278-0755
649,롯데마트시흥점,경기 시흥시 대야동 542번지 롯데마트 시흥점 1층 더페이스샵,070-4400-9947
650,롯데마트아산터미널점,충남 아산시 모종동 555-6 지하1층 더페이스샵,041-531-3908
651,롯데마트안산선부점,경기 안산시 단원구 선부동 1086번지 롯데마트 안산선부점 1층 더페이스샵,031-413-3337
652,롯데마트양평점,서울시 영등포구 양평동 3가 45 지하1층,02-2068-8505
653,롯데마트영통점,경기 수원시 영통구 영통동 960-1 롯데쇼핑 영통점 1층 더페이스샵,031-205-9211
654,롯데마트제천점,충북 제천시 하소동 77 롯데마트 제천점 1층 더페이스샵,043-642-6106
655,롯데마트청라점,"인천 서구 청라커낼로 252 (경서동, 롯데마트) 지하 1층 더페이스샵 (경서동, 958-1)",032-561-9993
656,롯데마트판교점,경기 성남시 분당구 삼평동 741번지 롯데마트 판교점 지하1층 더페이스샵,070-8259-3074
657,롯데면세점 부산점,부산 진구 부전동 503-15 롯데백화점 부산점 8층,051-810-5047
658,롯데면세점 소공점,서울 중구 소공동 1번지 롯데백화점 내 9층 면세점 내 더페이스샵,02-759-6666
659,롯데면세점 제주점,제주 서귀포시 중문동 중문관광단지 롯데호텔 본관6층,064-793-3144
660,롯데면세점 코엑스점,서울 강남구 삼성동 159 인터컨티넨탈호텔 내 롯데면세점 코엑스점,02-3484-9687
661,롯데면세점김해공항점,부산 부산진구 가야대로 772(부전동) 롯데면세점 더페이스샵,051-979-1961
662,롯데면세점잠실점,서울 송파구 잠실동 40-1 송파우체국사서함66 롯데면세점,02-3213-3884
663,롯데백화점 관악점,서울 관악구 봉천1동 729-22 관악롯데백화점 지하1층,02-3289-8283
664,롯데백화점 대구점,대구 북구 칠성동2가 302-155 롯데백화점 대구점 5층 더페이스샵,053-660-3033
665,롯데백화점 대전점,대전 서구 괴정동 대전롯데백화점 지하1층,042-601-2747
666,롯데백화점 미아점,서울 강북구 미아동 71-5 미아롯데백화점 지하2층,02-944-1964
667,롯데백화점 분당점,경기 성남시 분당구 수내동 14번지 분당롯데백화점 2층,031-738-2356
668,롯데백화점 센텀시티점,부산 해운대구 우동 롯데백화점 지하1층,051-730-3091
669,롯데백화점 영등포점,서울 영등포구 영등포동 618-496번지 롯데백화점 지하1층,02-2164-6070
670,롯데백화점 중동점,경기 부천시 원미구 중동 1140번지 롯데백화점 2층 더페이스샵,032-320-7035
671,롯데백화점 포항점,경북 포항시 북구 학산동 포항롯데백화점 3층,054-230-1364
672,롯데백화점구리점,경기 구리시 인창동 677 롯데백화점 구리점  지하1층 더페이스샵,031-550-7872
673,롯데백화점인천터미널,인천광역시 미추홀구 연남로 35,032-431-4657
674,롯데슈퍼 광주점,경기 광주시 태전동 257-17 롯데슈퍼 1층 더페이스샵,031-797-0770
675,롯데슈퍼 서초국제점,서울 서초구 서초동 1445-3 국제 전자센타 1층 더페이스샵,02-521-2547
676,롯데슈퍼 수성점,대구 수성구 중동 333-7 롯데슈퍼 더페이스샵,053-767-1021
677,롯데슈퍼 의정부점,경기 의정부시 호원동 325-1 의정부 롯데슈퍼 더페이스샵,031-878-9293
678,롯데슈퍼 장락점,충북 제천시 장락동 632번지 1층,043-653-1950
679,롯데슈퍼 전농점,서울 동대문구 전농동 10 SK아파트상가 롯데슈퍼 1층 더페이스샵,02-2247-0703
680,롯데슈퍼 정자점,경기 수원시 장안구 정자동 874-2 롯데프라자 1층 정자롯데슈퍼 더페이스샵,031-269-0804
681,롯데슈퍼고양삼송점,경기 고양시 덕양구 신원동 623 롯데슈퍼 고양삼송점 1층 더페이스샵,02-381-6590
682,롯데아울렛서울역점,서울 중구 한강대로 405  2층 더페이스샵,02-6965-2622
683,롯데키즈마트 부산점,부산 부산진구 부암동 257 롯데키즈마트 부산점,051-802-5618
684,메가마트 기장점,부산 기장군 일광면 삼성리 547 - 6번지 메가마트 1층,051-721-5880
685,메가마트 남천점,부산 수영구 남천동 545-2번지,051-611-9562
686,메가마트 양산덕계점,경남 양산시 덕계동  738번지,055-362-1293
687,메가마트 양평점,경기 양평군 양평읍 공흥리 441-1 1층,070-7761-4002
688,메가마트 울산점,울산 북구 진장동 705,052-283-3811
689,메가마트김해점,경남 김해시 삼정동 661-14 메가마트 김해점 1층,055-321-8431
690,모다백화점부평점,인천광역시 부평구 부평문화로 35 모다백화점 부평점 6층,032-452-2679
691,미래코스메틱,인천 계양구 향교로 26 101호 더페이스샵,000-000-0000
692,상동세이브존,경기 부천시 원미구 상동 535-5 상동세이브존 1층 더페이스샵,032-326-0718
693,세이브존 성남점,경기 성남시 수정구 신흥동 2463-5 1층 더페이스샵,031-730-2266
694,세이브존 전주점,전북 전주시 완산구 팔달로 262-6 세이브존 전주코아점 1층 더페이스샵,063-231-8976
695,세이브존노원점,서울 노원구 한글비석로 57(하계동),02-948-7252
696,세이브존대전점,대전 서구 둔산동 1809번지 세이브존 대전점 1층 더페이스샵,042-472-0235
697,수원NC터미널점,경기 수원시 권선구 경수대로 270 수원NC백화점 터미널점 2층 더페이스샵,031-8065-3774
698,스퀘어원점,인천 연수구 청능대로 210 스퀘어원 1층 더페이스샵 ,032-456-4166
699,신라면세점 서울점,서울 중구 장충동2가 202 신라면세점 지하 1층,02-2230-1417
700,신라면세점 인천공항점,인천 중구 운서동 285-1 인천국제공항 내 신라면세점 신규탑승동 56-64,032-743-4678
701,신라면세점 제주점,제주 제주시 연동 252-20 신라면세점 1층,064-710-7217
702,신세계면세점강남점,"서울특별시 서초구 신반포로 176(센트럴시티빌딩), 2층 더페이스샵",02-6288-0721
703,신세계면세점명동점,"서울 중구 소공로 48,3층,8층,12층(회현동2가, 프라임타운)",02-6370-4221
704,신세계면세점부산점,부산 해운대구 센텀4로 15(우동) 신세계면세점 더페이스샵,051-775-3179
705,신세계면세점인천공항점,인천광역시 중구 운서동 2851 국제공항여객터미널 내 신세계 면세점 ,032-743-5893
706,신세계백화점 충청점(아라리오),충남 천안시 동남구 신부동 354-1번지 신세계백화점 2층,041-640-5067
707,신세계백화점김해점,경상남도 김해시 전하로 304번길 24 신세계백화점 김해점 터미널 2층,055-272-1288
708,엔씨백화점 강서점,서울시 강서구 등촌동 689 강서NC백화점 4층 더페이스샵,02-2667-9669
709,엔씨백화점 불광점,서울 은평구 대조동 240번지 불광 NC백화점 1층,02-350-7075
710,엔씨백화점 서면점,부산 부산진구 동천로 92 (전포동) 더페이스샵,051-794-7227
711,엔씨백화점 해운대점,부산 해운대구 좌동 1467-4,051-709-5720
712,엔씨백화점부산대점,부산광역시 금정구 장전2동 부산대학로63번길 2,051-509-7232
713,엔씨백화점청주점,충청북도 청주시 흥덕구 가경동 1416-3,043-716-6240
714,엔씨아울렛엑스코점,대구 북구 유통단지로14길 22 NC아울렛 1층,053-662-9253
715,엔씨중앙로역점,대전광역시 중구 중앙로 141(선화동),042-718-2872
716,이마트 가양점,서울 강서구 가양3동 449-19번지 가양이마트 1층 더페이스샵,02-2668-0448
717,이마트 강릉점,강원 강릉시 송정동 1008-7,033-651-0446
718,이마트 검단점,인천 서구 당하동 875 이마트 검단점 1층 더페이스샵,032-563-7574
719,이마트 경기광주점,경기 광주시 경안동 20-11 지상 1층 더페이스샵,031-799-7585
720,이마트 경산점,경북 경산시 중산동 180-1,053-814-3765
721,이마트 계양점,인천광역시 계양구 봉오대로 785 1층 더페이스샵,032-541-5980
722,이마트 고잔점,경기도 안산시 단원구 원포공원1로 46 이마트고잔점  2층 더페이스샵,031-402-1216
723,이마트 광명소하점,경기 광명시 소하로 97 이마트 광명소하점 더페이스샵,02-897-7143
724,이마트 광산점,광주 광산구 사암로 172 이마트 광산점 1층 더페이스샵,062-945-0447
725,이마트 광주점,광주 서구 죽봉대로 61 이마트 광주점 1층 더페이스샵,062-360-0150
726,이마트 구미점,경북 구미시 광평동 65-1,054-462-0448
727,이마트 군산점,전북 군산시 구암3.1로 137 이마트 군산점 1층 더페이스샵,063-442-6110
728,이마트 금정점,부산 금정구 구서동 368 이마트 금정점 더페이스샵 1층,051-515-3320
729,이마트 김천점,경북 김천시 신음동 990-1 김천이마트 내 더페이스샵,054-436-8364
730,이마트 남원점,전북 남원시 남문로 385-16 이마트 남원점 1층 더페이스샵,063-633-9401
731,이마트 달서점,대구 달서구 감삼동 521번지 지하 3층,053-553-5372
732,이마트 도농점,경기 남양주시 도농동 1-1 지하1층,031-556-9644
733,이마트 동광주점,광주 동구 중앙로 358 이마트 동광주점 지하1층 더페이스샵,062-531-0711
734,이마트 동구미점,경북 구미시 임수동 92-28 2층,054-474-0501
735,이마트 동백점,경기 용인시 기흥구 동백동 동백택지개발지구 2101블럭 지하 1층 더페이스샵,031-679-0262
736,이마트 동인천점,인천 중구 신생동 38번지 1층 더페이스샵,032-761-2965
737,이마트 동탄점,경기 화성시 석우동 44 이마트 1층 더페이스샵,031-613-3672
738,이마트 동해점,강원 동해시 천곡동 831 지상 2층 더페이스샵,033-533-6495
739,이마트 둔산점,대전 서구 둔산동 959-2번지 이마트둔산점 2층,042-485-0447
740,이마트 마산점,경남 창원시 마산합포구 중앙동3가 4-1 이마트 마산점 1층 더페이스샵,055-243-6219
741,이마트 만촌점,대구 수성구 만촌1동 1356-5 더페이스샵,053-741-2591
742,이마트 목포점,전남 목포시 옥암로 138 이마트 목포점 1층 더페이스샵,061-284-5110
743,이마트 묵동점,서울 중랑구 묵동 170-1번지 묵동 자이아파트 2단지 지하 1층,02-948-4572
744,이마트 문현점,부산 남구 문현동 751 부산문현이마트 내,051-645-9342
745,이마트 보령점,충남 보령시 궁촌동 340-1,041-933-2229
746,이마트 봉선점,광주 남구 봉선로 198 이마트 봉선점 지하 1층 더페이스샵,062-675-0710
747,이마트 부천점,경기 부천시 소사구 심곡본동 316-2 이마트 부천점 4층 더페이스샵,032-611-9929
748,이마트 분당점,경기 성남시 분당구 정자동 211번지 지상 1층 더페이스샵,031-714-8210
749,이마트 사상점,부산 사상구 괘법동 531-2 이마트 사상점 1층,051-315-5002
750,이마트 상봉점,서울 중랑구 망우2동 506-1(상봉시외버스터미널 앞) 지상2층 더페이스샵,02-432-1715
751,이마트 상주점,경북 상주시 만산동 693-29,054-533-2797
752,이마트 서귀포점,제주특별자치도 서귀포시 일주동로 9209 이마트 서귀포점 1층,064-739-6917
753,이마트 서산점,충남 서산시 잠홍동 459-3 이마트 서산점 지하 2층,041-665-5924
754,이마트 서수원점,경기 수원시 권선구 구운동 925 이마트 서수원점 2층 더페이스샵,031-295-4687
755,이마트 성수점,서울 성동구 성수동2가 333-16번지 이마트성수점 2층 더페이스샵,02-461-3965
756,이마트 속초점,강원 속초시 청호동 459-134 이마트 속초점 2층 더페이스샵,033-631-5816
757,이마트 수서점,서울 강남구 수서동 724 수서이마트 지하1층 더페이스샵,02-451-0108
758,이마트 수원점,경기 수원시 권선구 권선동 1189 이마트 수원점 1층 더페이스샵,031-207-1110
759,이마트 수지점,경기 용인시 수지구 신봉동 909번지 이마트 수지점 1층 더페이스샵,031-261-9540
760,이마트 순천점,전남 순천시 팔마로 191 이마트 순천점 1층 더페이스샵,061-745-6379
761,이마트 신제주점,제주특별자치도 제주시 1100로 3348 이마트신제주점 1층,064-745-0972
762,이마트 아산점,충남 아산시 풍기동 192-1 아산이마트,041-543-7156
763,이마트 안양점,경기 안양시 동안구 비산동 411-8 이마트 2층 더페이스샵,031-381-6955
764,이마트 여수점,전남 여수시 좌수영로 277 이마트 여수점 1층 더페이스샵,061-654-1445
765,이마트 여주점,경기 여주군 여주읍 홍문리 여주이마트,031-886-9971
766,이마트 연제점,부산 연제구 연산2동 822-7,051-853-0448
767,이마트 영등포점,서울 영등포구 영등포동4가 442 이마트 영등포점 지하1층 더페이스샵,02-2068-0446
768,이마트 영천점,경북 영천시 오수동 286번지,054-336-5971
769,이마트 오산점,경기 오산시 원동 360-6 이마트 오산점 2층,031-372-6342
770,이마트 왕십리점,서울 성동구 행당동 168-1 이마트왕십리점 2층 더페이스샵,02-2200-1226
771,이마트 용산점,서울 용산구 한강로3가 40-1 이마트 용산점 지하1층 더페이스샵,02-2012-1291
772,이마트 울산점,울산 남구 삼산동 1646,052-274-8359
773,이마트 원주점,강원 원주시 무실동 1062-1 이마트 원주점 1층 더페이스샵,033-761-9438
774,이마트 월배점,대구 달서구 대천동 555번지,053-642-7125
775,이마트 은평점,서울 은평구 응암동 90-1 이마트은평점 3층 더페이스샵,02-357-0447
776,이마트 이천점,경기 이천시 증포동 47-4 이마트 이천점 1층,031-631-4217
777,이마트 익산점,전북 익산시 평동로 705 이마트 익산점 1층 더페이스샵,063-851-4640
778,이마트 일산점,경기 고양시 일산동구 백석동 1194번지 이마트 일산점,031-901-6728
779,이마트 자양점,서울특별시 광진구 아차산로  272 이마트 지하1층 더페이스샵,02-444-3420
780,이마트 제주점,제주특별자치도 제주시 탑동로 38 이마트 제주점 지하1층,064-722-8625
781,이마트 제천점,충북 제천시 강제동 270-11 제천이마트 1층,043-651-1006
782,이마트 죽전점,경기 용인시 수지구 포은대로 552 (죽전동 1282) 이마트 내 지하1층 더페이스샵,031-272-0448
783,이마트 진접점,경기 남양주시 진접읍 연평리 101-14 이마트 진접점 1층,031-527-8331
784,이마트 창원점,경남 창원시 성산구 중앙동 91 이마트창원점2층 더페이스샵,055-261-4725
785,이마트 천안점,충남 천안시 서북구 쌍용동 191,070-4906-8094
786,이마트 천호점,서울 강동구 천호2동 454-1 이마트1층,02-477-0319
787,이마트 춘천점,강원 춘천시 온의동 511번지 춘천이마트 2층 더페이스샵,033-252-5382
788,이마트 충주점,충북 충주시 문화동 1024번지,043-857-7689
789,이마트 태백점,강원 태백시 삼수동 113번지 1층 더페이스샵,033-553-5384
790,이마트 통영점,경남 통영시 광도면 죽림리 1566-2 이마트 통영점1층 더페이스샵,055-648-2080
791,이마트 파주운정점,경기 파주시 교하읍 동패리 이마트파주운정점 1층 더페이스샵,031-942-3041
792,이마트 파주점,경기 파주시 교하읍 당하리 195-5 이마트 파주점 1층,031-942-2490
793,이마트 평촌점,경기 안양시 동안구 관양동 1608-3번지 이마트 1층 더페이스샵,031-381-6974
794,이마트 평택점,경기 평택시 영신로29 1층 더페이스샵,031-657-6928
795,이마트 포천점,경기 포천시 설운동 2번지 이마트 포천점 내 1층 더페이스샵,031-542-7118
796,이마트 풍산점,경기 고양시 일산동구 중산동    1809 더페이스샵,031-975-5696
797,이마트 하남점,경기 하남시 풍산동 68블럭 3층,031-793-7875
798,이마트 하월곡점,서울 성북구 하월곡동 88-387 동일하이빌 주상복합 지하1층,02-909-0684
799,이마트 해운대점,부산 해운대구 중1동 1767,051-747-3584
800,이마트 화성봉담점,경기 화성시 봉담읍 효행로 278 지하1층 더페이스샵,031-221-8305
801,이마트 화정점,경기 고양시 덕양구 화정동 976 화정이마트 1층 더페이스샵,031-938-0639
802,이마트 흥덕점,경기 용인시 기흥구 흥덕 중앙로 60(영덕동) 지하1층 더페이스샵,070-4121-7598
803,이마트과천점,경기도 과천시 별양동 1-19 이마트 과천점 1층 더페이스샵,02-502-7082
804,이마트광교점,경기도 수원시 영통구 이의동 1240 이마트 광교점 2층 더페이스샵,031-211-6813
805,이마트구로점,서울특별시 구로구 디지털로 32길 43 이마트 구로점 1층 더페이스샵,02-830-5743
806,이마트김포한강,경기 김포시 김포한강 7로 22번길 22 더페이스샵,031-986-6219
807,이마트김해점,경상남도 김해시 전하로304번길 24 이마트 김해점 2층,055-338-2328
808,이마트목동점,서울 양천구 목동 962 이마트목동점 지하2층 더페이스샵,02-2061-4211
809,이마트세종점,"세종 금송로 687(가람동, 이마트세종점) 더페이스샵",044-862-6247
810,이마트시화점,경기 시흥시 정왕동 1734-1 이마트 시화점 4층 더페이스샵,031-319-7874
811,이마트신월점,서울시 양천구 화곡로 59 이마트 신월점,
812,이마트안동점,경북 안동시 옥동 796-1 더페이스샵,054-841-5906
813,이마트연수점,인천광역시 연수구 동춘동 926-9번지 1층 더페이스샵,032-811-3250
814,이마트의정부점,경기 의정부시 민락동 475-32 지하1층 더페이스샵,031-851-1429
815,이마트이수점,서울 동작구 사당동 147-29 지하 1층 더페이스샵,02-521-2625
816,이마트인천공항점,인천 중구 공항로 424번길 47 1층 더페이스샵,032-743-3499
817,이마트중동점,경기 부천시 원미구 중동 1157번지 이마트 중동점 지하1층 더페이스샵,032-321-1159
818,이마트진주점,경남 진주시 인사동 3번지 이마트 진주점 1층,055-741-3462
819,이마트창동점,서울 도봉구 창5동 135-26 2층 더페이스샵 2층,02-900-9540
820,이마트천안서북점,충남 천안시 서북구 성성동 446-2 지하1층 더페이스샵 (천안물류단지A4-1로트),041-522-2141
821,이마트청주점,충청북도 청주시 흥덕구 청남로 1853  이마트 지하1층 더페이스샵,043-283-0747
822,이마트칠성점,대구광역시 북구 칠성동2가 20-1번지 1층 더페이스샵,053-341-7905
823,이마트포항이동점,경북 포항시 북구 대이로 188 이마트 B2,054-272-8414
824,킴스클럽강남점,서울 서초구 잠원동 70-2 킴스클럽강남점 지하1층 더페이스샵,02-530-5185
825,탑마트서진주점,경남 진주시 평거동 921,070-8836-4561
826,하나로마트직산점,충남 천안시 서북구 직산읍 삼은리 72-1번지 1층 더페이스샵,041-587-1427
827,하나로마트창동점,서울 도봉구 창4동 1-10 1층 더페이스샵,02-997-7989
828,하나로마트화명점,부산 북구 금곡대로 469. 1층 (하나로마트 화명점) 더페이스샵,051-361-3655
829,현대 아산병원점,서울 송파구 풍납2동 388-1 번지 아산병원 신관 지하 1층 더페이스샵,02-470-2398
830,현대면세점동대문점,"서울 중구 장충단로 275(을지로6가, 두산타워빌딩) ",02-3399-9322
831,현대면세점무역센터점,"서울특별시 강남구 영동대로82길 19(대치동, 항진빌딩)",02-2142-6229
832,현대백화점 대구점,대구 중구 계산동1가  200 현대백화점 대구점 지하2층,053-245-2959
833,현대백화점 목동점,서울 양천구 목동 916번지 현대백화점(목동점) 지하1층,02-2163-2245
834,현대백화점 부산점,부산 동구 범일1동 62-5 현대백화점 지하1층,051-667-1166
835,현대백화점 울산동구점,울산 동구 서부동 105번지 현대백화점 지하1층,052-250-4944
836,현대백화점 충청점,충북 청주시 흥덕구 복대동 584-9 지하1층 더페이스샵,043-909-4851
837,현대아울렛 가산점,"서울 금천구 디지털로10길 9, 2001(가산동,20층) 더페이스샵",02-2136-9829
838,홈플러스 가야점,부산 부산진구 가야동 624-7,051-891-4395
839,홈플러스 가좌점,인천 서구 가좌동 118번지 홈플러스 가좌점 1층 더페이스샵,032-577-4665
840,홈플러스 간석점,인천 남동구 간석동 616-3 홈플러스 간석점 더페이스샵,032-872-5862
841,홈플러스 강동점,서울 강동구 천호1동 42번지 홈플러스 강동점 지하2층 더페이스샵,02-470-3067
842,홈플러스 강릉점,강원 강릉시 옥천동 189 강릉홈플러스 3층 더페이스샵,033-642-0140
843,홈플러스 강서점,서울 강서구 등촌동 629-11번지 홈플러스 강서점2층 더페이스샵,02-2658-7181
844,홈플러스 거제점,경남 거제시 장평동 59외 3필지 홈플러스 거제점지하1층 더페이스샵,055-635-0978
845,홈플러스 경남진주점,경남 진주시 상대1동 181-1 홈플러스 진주점지하2층 더페이스샵,055-752-2779
846,홈플러스 경주점,경북 경주시 용강동 800-11번지,054-775-6521
847,홈플러스 고양터미널점,경기 고양시 일산동구 백석동 1242 홈플러스 고양터미널점 지하2층 더페이스샵,031-936-7664
848,홈플러스 광양점,전남 광양시 항만11로 70 홈플러스 광양점 1층 더페이스샵,061-791-5906
849,홈플러스 광주하남점,광주 광산구 용아로 390 홈플러스 광주하남점 1층 더페이스샵,062-953-6375
850,홈플러스 구미점,경상북도 구미시 광평동 792-21 지하1층 더페이스샵,054-462-2853
851,홈플러스 금천점,서울 금천구 독산1동 291-7 홈플러스 금천점 ,02-809-1008
852,홈플러스 김제점,전북 김제시 검산동 841 홈플러스 김제점 2층 더페이스샵,063-547-8999
853,홈플러스 김포점,경기 김포시 감정동 692 김포홈프러스 지하1층 더페이스샵,031-983-7727
854,홈플러스 김해점,경남 김해시 내동 1131-2 홈플러스 김해점 1층 더페이스샵,055-321-7521
855,홈플러스 남양주진접점,경기 남양주시 진접읍 장현리 216-4 홈플러스 남양주진접점 지하 2층 더페이스샵,031-527-0746
856,홈플러스 논산점,충남 논산시 내동 437번지 홈플러스 지하1층,041-734-3577
857,홈플러스 대전가오점,대전 동구 가오동 557 홈플러스 가오점 지하1층,042-282-5745
858,홈플러스 대전둔산점,대전 서구 둔산동 1380-2번지 둔산홈플러스 2층,042-472-3944
859,홈플러스 동광주점,광주 북구 동문대로 200 홈플러스 동광주점 지하1층 더페이스샵,062-262-6375
860,홈플러스 동수원점,경기 수원시 팔달구 인계동 1045번지 동수원홈플러스 2층 더페이스샵,031-221-1876
861,홈플러스 동청주점,충북 청주시 상당구 율량동 500-3 홈플러스 지하1층,043-212-3303
862,홈플러스 마산점,경남 창원시 마산회원구 양덕동 151-1번지 홈플러스 마산점 3층 더페이스샵,055-256-7020
863,홈플러스 목포점,전남 목포시 영산로 313  홈플러스 목포점 지하 2층 더페이스샵,061-273-6375
864,홈플러스 문경점,경북 문경시 모전동 859-2번지 홈플러스,054-553-7240
865,홈플러스 밀양점,경남 밀양시 내일동 610번지 홈플러스 밀양점2층 더페이스샵,055-351-0609
866,홈플러스 방학점,서울 도봉구 방학동 707-7 방학홈플러스테스코 지하2층 더페이스샵,02-955-6055
867,홈플러스 보령점,충남 보령시 명천동 129 번지,041-932-7240
868,홈플러스 부산감만점,부산 남구 감만동 8번지 홈플러스 감만점,051-631-4788
869,홈플러스 부천상동점,경기 부천시 원미구 길주로118 홈플러스 부천상동점 더페이스샵,031-321-2936
870,홈플러스 부천소사점,경기 부천시 소사구 괴안동 129-4 홈프러스 소사점 지하1층 더페이스샵,032-347-2365
871,홈플러스 북수원점,경기 수원시 장안구 경수대로 930 홈플러스 북수원점 2층 더페이스샵,031-207-2286
872,홈플러스 삼척점,강원 삼척시 당저동 33-3 삼척홈플러스 지하1층 더페이스샵,033-575-2162
873,홈플러스 서귀포점,제주특별자치도 서귀포시 중앙로 180 홈플러스 서귀포점 1층,064-732-0587
874,홈플러스 성서점,대구 달서구 용산동 230-11,053-521-5980
875,홈플러스 센텀시티점,부산 해운대구 우1동 19블록 센텀시티홈프러스점 1층,051-731-7432
876,홈플러스 송우점,경기 포천시 소흘읍 송우리 730-60 홈플러스 송우점 지하1층 더페이스샵,031-544-4009
877,홈플러스 수성점,대구 수성구 두산동 111번지 홈플러스 수성점,053-762-8370
878,홈플러스 순천점,전남 순천시 신월큰길 10 홈플러스 순천점 지하 1층 더페이스샵,061-724-9342
879,홈플러스 신내점,서울 중랑구 신내동 645번지 홈플러스 신내점 지하2층 더페이스샵,02-3421-3306
880,홈플러스 아시아드점,부산 연제구 거제동 1208 번지,051-501-8362
881,홈플러스 안동점,경북 안동시 운흥동 247-58 홈플러스 안동점 2층,054-854-0981
882,홈플러스 안산점,경기 안산시 상록구 성포동 586 홈플러스 안산점 2층 더페이스샵,031-411-1600
883,홈플러스 영등포점,서울 영등포구 문래동3가 55-3 홈플러스영등포점 지하1층 더페이스샵,02-2068-3810
884,홈플러스 영주점,경북 영주시 휴천2동 329-1 영주홈플러스,054-631-9997
885,홈플러스 영통점,경기 수원시 팔달구 영통동 994-2번지 홈플러스 영통점 2층,031-273-1105
886,홈플러스 오창점,충북 청원군 오창읍 양청리 820번지,043-211-3367
887,홈플러스 울산남구점,울산 남구 야음동 789-20 홈플러스내 1층,052-270-8000
888,홈플러스 울산동구점,울산 동구 일산동 577-1,052-232-0655
889,홈플러스 울산점,울산 중구 복산동 100,052-282-2098
890,홈플러스 원주점,강원 원주시 관설동 1453번지 홈플러스 원주점 3층 더페이스샵,033-762-7106
891,홈플러스 의정부점,경기 의정부시 금오동 475-1번지 홈플러스 의정부점 2층 더페이스샵,031-853-7038
892,홈플러스 익산점,전북 익산시 무왕로 1035 홈플러스 익산점 2층 더페이스샵,063-838-5348
893,홈플러스 인천논현점,인천 남동구 논현동 논현2지구 상업용지 20일대 홈플러스 인천논현점 더페이스샵,032-421-0541
894,홈플러스 작전점,인천 계양구 작전동 448-7 홈플러스 작전점 더페이스샵,032-553-9983
895,홈플러스 전북전주점,전북 전주시 덕진구 백제대로 771 홈플러스 전주점 지하1층 더페이스샵,063-247-2004
896,홈플러스 전주효자점,전북 전주시 완산구 용머리로 31 홈플러스 전주효자점 지하 2층 더페이스샵,063-223-6375
897,홈플러스 조치원점,충남 연기군 조치원읍 번암리 53 홈플러스지하 1층,044-862-2167
898,홈플러스 진해점,경남 창원시 진해구 이동 536-10 홈플러스 진해점 3층 더페이스샵,055-542-7240
899,홈플러스 창원점,경남 창원시 팔용동 30-3 홈플러스 창원점 2층 더페이스샵,055-265-7999
900,홈플러스 청주점,충북 청주시 흥덕구 가경동 1696 홈플러스1층,043-231-9685
901,홈플러스 춘천점,강원 춘천시 퇴계동 144-1 번지 춘천 홈플러스 지하2층 더페이스샵,070-7796-8860
902,홈플러스 칠곡점,대구 북구 동천동 968번지,053-311-9051
903,홈플러스 킨텍스점,경기 고양시 일산서구 대화동 2611 홈플러스 킨텍스점 더페이스샵,031-912-3353
904,홈플러스 파주문산점,경기 파주시 문산읍 당동리 당동지구지원용지 1-1 문산홈플러스 더페이스샵,031-952-0562
905,홈플러스 평택안중점,경기 평택시 안중읍 현화리 산 274번지 홈플러스 평택안중점 지하 1층,031-681-1492
906,홈플러스 풍무점,경기 김포시 풍무동 38-1번지 홈플러스 풍무점 지하 1층 더페이스샵,031-998-9049
907,홈플러스 하남점,경기 하남시 신장1동  459번지 두산위브 B1층 홈플러스 내 더페이스샵,031-793-4053
908,홈플러스 합정점,서울 마포구 합정동 418-1 홈플러스 합정점 내 더페이스샵,02-322-9128
909,홈플러스 화성동탄점,경기 화성시 반송동 98번지 홈플러스 화성동탄점 지하2층 더페이스샵,031-613-2713
910,홈플러스 화성향남점,경기 화성시 향남읍 행정리 487-1 홈플러스 향남점 지하1층 더페이스샵,031-352-9456
911,홈플러스경산점,경북 경산시 중방동 178-2 홈플러스 경산점 지하2층 더페이스샵,070-8806-0185
912,홈플러스세종점,세종  어진동 307-3 더페이스샵,044-862-0435
913,홈플러스스토어즈 구월점,인천 남동구 예술로 198 홈플러스 지하2층 더페이스샵,070-8824-1261
914,홈플러스스토어즈 내당점,대구 서구 내당동 65-8,053-567-5595
915,홈플러스스토어즈 문화점,대전 중구 문화동 1-17 홈플러스테스코문화점 1층,042-255-2111
916,홈플러스스토어즈 병점점,경기 화성시 병점동 399-4 홈플러스테스코 병점점 더페이스샵,031-267-0099
917,홈플러스스토어즈 울산북구점,울산 북구 상안동 322-9,052-285-3120
918,홈플러스스토어즈 월드컵점,서울 마포구 성산동 515 월드컵경기장 1층 상암홈플러스테스코 내 더페이스샵,02-376-3869
919,홈플러스스토어즈 유성점,대전 유성구 봉명동 66번지 홈플러스테스코 2층,042-824-4811
